{
  "components/products/description-tabs": "<ul class=\"tabs\" data-tab>\r\n    {{#if product.description}}\r\n        <li class=\"tab is-active\">\r\n            <a class=\"tab-title\" href=\"#tab-description\">{{lang 'products.description'}}</a>\r\n        </li>\r\n    {{/if}}\r\n    {{#if product.warranty}}\r\n        <li class=\"tab {{#unless product.description}}is-active{{/unless}}\">\r\n            <a class=\"tab-title\" href=\"#tab-warranty\">{{lang 'products.warranty'}}</a>\r\n        </li>\r\n    {{/if}}\r\n    {{#all product.custom_fields theme_settings.show_custom_fields_tabs}}\r\n        <li class=\"tab\">\r\n            <a class=\"tab-title\"\r\n               href=\"#tab-{{dashcase (lowercase (sanitize theme_settings.pdp-custom-fields-tab-label))}}\"\r\n            >\r\n                {{sanitize theme_settings.pdp-custom-fields-tab-label}}\r\n            </a>\r\n        </li>\r\n    {{/all}}\r\n    {{#all settings.show_product_reviews theme_settings.show_product_reviews product.reviews.total}}\r\n        <li class=\"tab\">\r\n            <a class=\"tab-title productView-reviewTabLink\" href=\"#tab-reviews\">{{lang 'products.reviews.header' total=product.reviews.total}}</a>\r\n        </li>\r\n    {{/all}}\r\n</ul>\r\n<div class=\"tabs-contents\">\r\n    {{#if product.description}}\r\n        <div class=\"tab-content is-active\" id=\"tab-description\">\r\n            {{{product.description}}}\r\n        </div>\r\n    {{/if}}\r\n    {{#if product.warranty}}\r\n        <div class=\"tab-content {{#unless product.description}}is-active{{/unless}}\" id=\"tab-warranty\">\r\n            {{{product.warranty}}}\r\n        </div>\r\n    {{/if}}\r\n    {{#all product.custom_fields theme_settings.show_custom_fields_tabs}}\r\n      <div class=\"tab-content\" id=\"tab-{{dashcase (lowercase (sanitize theme_settings.pdp-custom-fields-tab-label))}}\">\r\n         <dl class=\"productView-info\">\r\n            {{> components/products/custom-fields }}\r\n         </dl>\r\n      </div>\r\n    {{/all}}\r\n    {{#all settings.show_product_reviews theme_settings.show_product_reviews}}\r\n       <div class=\"tab-content\" id=\"tab-reviews\">\r\n           {{> components/products/reviews reviews=product.reviews product=product urls=urls}}\r\n       </div>\r\n    {{/all}}\r\n</div>\r\n",
  "components/products/custom-fields": "{{#each product.custom_fields}}\r\n<dt class=\"productView-info-name\">{{name}}:</dt>\r\n<dd class=\"productView-info-value\">{{{value}}}</dd>\r\n{{/each}}\r\n",
  "components/products/reviews": "{{#if reviews.total}}\r\n<section class=\"toggle productReviews\" id=\"product-reviews\" data-product-reviews>\r\n    <h4 class=\"toggle-title\">\r\n        {{lang 'products.reviews.header' total=reviews.total}}\r\n        {{#if theme_settings.show_product_reviews}}\r\n            <a class=\"toggleLink is-open\" data-collapsible href=\"#productReviews-content\">\r\n                <span class=\"toggleLink-text toggleLink-text--on\">\r\n                    {{lang 'products.reviews.hide'}}\r\n                </span>\r\n                <span class=\"toggleLink-text toggleLink-text--off\">\r\n                    {{lang 'products.reviews.show'}}\r\n                </span>\r\n            </a>\r\n        {{/if}}\r\n    </h4>\r\n    <div class=\"toggle-content is-open\" id=\"productReviews-content\" aria-hidden=\"false\">\r\n        <ul class=\"productReviews-list\" id=\"productReviews-list\">\r\n            {{#each reviews.list}}\r\n            <li class=\"productReview\">\r\n                <article>\r\n                    <header>\r\n                        <span class=\"productReview-rating rating--small\">\r\n                            {{> components/products/ratings rating=rating}}\r\n                            <span class=\"productReview-ratingNumber\">{{ rating }}</span>\r\n                        </span>\r\n                        <h5 class=\"productReview-title\">{{{ sanitize title }}}</h5>\r\n                        {{#if name}}\r\n                            <p class=\"productReview-author\">\r\n                                {{{lang 'products.reviews.post_on_by' date=date name=(sanitize name) }}}\r\n                            </p>\r\n                        {{else}}\r\n                            <p class=\"productReview-author\">\r\n                                {{lang 'products.reviews.post_on_by' date=date name=(lang 'products.reviews.anonymous_poster')}}\r\n                            </p>\r\n                        {{/if}}\r\n                    </header>\r\n                    <p class=\"productReview-body\">{{{ sanitize text }}}</p>\r\n                </article>\r\n            </li>\r\n            {{/each}}\r\n        </ul>\r\n        {{> components/common/paginator pagination.reviews reload=true}}\r\n    </div>\r\n</section>\r\n{{/if}}\r\n",
  "components/products/ratings": "<span role=\"img\"\r\n    {{#if rating_target}}\r\n      aria-label=\"{{lang 'products.reviews.rating_aria_label' rating_target=rating_target current_rating=rating max_rating=5}}\"\r\n    {{else}}\r\n      aria-label=\"{{lang 'products.reviews.rating_aria_label' rating_target='Product' current_rating=rating max_rating=5}}\"\r\n    {{/if}}\r\n>\r\n    {{#for 1 5}}\r\n        {{#if ../this.rating '>=' $index}}\r\n            <span class=\"icon icon--ratingFull\">\r\n                <svg>\r\n                    <use href=\"#icon-star\" />\r\n                </svg>\r\n            </span>\r\n        {{else}}\r\n            <span class=\"icon icon--ratingEmpty\">\r\n                <svg>\r\n                    <use href=\"#icon-star\" />\r\n                </svg>\r\n            </span>\r\n        {{/if}}\r\n    {{/for}}\r\n</span>\r\n",
  "components/common/paginator": "<nav class=\"pagination\" aria-label=\"pagination\">\r\n    <ul class=\"pagination-list\">\r\n        {{#if previous}}\r\n            <li class=\"pagination-item pagination-item--previous\">\r\n                <a class=\"pagination-link\"\r\n                   href=\"{{previous}}\"\r\n                   {{#unless reload}}data-faceted-search-facet{{/unless}}\r\n                   aria-label=\"{{lang 'common.previous'}}\"\r\n                >\r\n                    <i class=\"icon\" aria-hidden=\"true\">\r\n                        <svg>\r\n                            <use href=\"#icon-chevron-left\"></use>\r\n                        </svg>\r\n                    </i>\r\n                    {{lang 'common.previous'}}\r\n                </a>\r\n            </li>\r\n        {{/if}}\r\n        {{#each links}}\r\n            <li class=\"pagination-item {{#if this.number '==' ../current}}pagination-item--current{{/if}}\">\r\n                <a class=\"pagination-link\"\r\n                   href=\"{{this.url}}\"\r\n                   {{#unless reload}}data-faceted-search-facet{{/unless}}\r\n                   {{#if this.number '==' ../current}}\r\n                   aria-current=\"page\"\r\n                   data-pagination-current-page-link\r\n                   {{/if}}\r\n                   aria-label=\"{{lang 'common.paginator.page_of' current=this.number total=../links.length}}\"\r\n                >\r\n                    {{this.number}}\r\n                </a>\r\n            </li>\r\n        {{/each}}\r\n\r\n        {{#if next}}\r\n            <li class=\"pagination-item pagination-item--next\">\r\n                <a class=\"pagination-link\"\r\n                   href=\"{{next}}\"\r\n                   {{#unless reload}}data-faceted-search-facet{{/unless}}\r\n                   aria-label=\"{{lang 'common.next'}}\"\r\n                >\r\n                    {{lang 'common.next'}}\r\n                    <i class=\"icon\" aria-hidden=\"true\">\r\n                        <svg>\r\n                            <use href=\"#icon-chevron-right\"></use>\r\n                        </svg>\r\n                    </i>\r\n                </a>\r\n            </li>\r\n        {{/if}}\r\n    </ul>\r\n</nav>\r\n"
}